name,team,position,situation,games_played,icetime,I_F_points,I_F_goals
Blake Hillman,CHI,D,all,4,4327,1,1
Victor Mete,MTL,D,all,49,45824,7,0
Justin Auger,L.A,R,all,2,959,0,0
Alexander Edler,VAN,D,all,70,101965,34,6
Frans Nielsen,DET,C,all,78,74055,31,16
Kyle Quincey,MIN,D,all,18,15418,3,0
Martin Hanzal,DAL,C,all,37,31289,10,5
Jaycob Megna,ANA,D,all,14,13199,1,0
Mike Reilly,MTL,D,all,57,51172,18,2
Robert Bortuzzo,STL,D,all,72,63755,13,4
Michael Dal Colle,NYI,L,all,4,3205,0,0
Kyle Palmieri,N.J,R,all,62,64278,44,24
Shea Weber,MTL,D,all,26,39543,16,6
Marcus Pettersson,ANA,D,all,22,17963,4,1
Ben Lovejoy,N.J,D,all,57,56738,8,2
Trevor Murphy,ARI,D,all,8,6833,3,1
Dmitrij Jaskin,STL,R,all,76,56519,17,6
Marcus Sorensen,S.J,L,all,32,19371,7,5
Jannik Hansen,S.J,R,all,46,33233,14,2
Francois Beauchemin,ANA,D,all,67,69593,17,3
Kurtis MacDermid,L.A,D,all,34,23672,4,1
Matt Irwin,NSH,D,all,50,40296,8,2
Kevin Gravel,L.A,D,all,16,13472,3,0
Max Pacioretty,MTL,L,all,64,73007,37,17
Jan Rutta,CHI,D,all,57,65850,20,6
Mark Jankowski,CGY,C,all,72,57696,25,17
Jordan Nolan,BUF,C,all,69,40562,8,4
Xavier Ouellet,DET,D,all,45,37416,7,0
Yanni Gourde,T.B,C,all,82,79497,64,25
Erik Gudbranson,VAN,D,all,52,57473,5,2
Vladislav Namestnikov,NYR,C,all,81,83046,48,22
Phillip Danault,MTL,C,all,52,51754,25,8
Adrian Kempe,L.A,L,all,81,64547,37,16
Aleksander Barkov,FLA,C,all,78,103500,77,26
Shea Theodore,VGK,D,all,61,74489,29,6
Braydon Coburn,T.B,D,all,72,69223,15,1
Roman Josi,NSH,D,all,75,110117,53,14
Micheal Ferland,CGY,L,all,77,69389,41,21
Zemgus Girgensons,BUF,C,all,71,58404,15,7
Adam Larsson,EDM,D,all,63,82904,13,4
Calle Jarnkrok,NSH,C,all,68,64812,35,16
Richard Panik,ARI,R,all,72,65652,35,14
Alex Pietrangelo,STL,D,all,78,119892,54,15
Cody McLeod,NYR,L,all,48,21264,4,1
Miles Wood,N.J,L,all,76,56813,32,19
Alex Tuch,VGK,R,all,78,71382,37,15
Mike Blunden,OTT,R,all,1,391,0,0
Will O'Neill,PHI,D,all,1,565,0,0
Pavel Buchnevich,NYR,R,all,74,66663,43,14
Dylan Gambrell,S.J,C,all,3,1900,0,0
David Schlemko,MTL,D,all,37,40104,5,1
Justin Bailey,BUF,R,all,12,8120,4,3
Taylor Fedun,BUF,D,all,7,6167,1,0
P.K. Subban,NSH,D,all,82,118644,59,16
Sean Monahan,CGY,C,all,74,82948,64,31
Jay Beagle,WSH,C,all,79,58837,22,7
Steven Fogarty,NYR,C,all,1,736,0,0
T.J. Oshie,WSH,R,all,74,81277,47,18
Jakob Silfverberg,ANA,R,all,77,82977,40,17
Brian Gibbons,N.J,L,all,59,51084,26,12
Tanner Pearson,L.A,L,all,82,78325,40,15
Jack Rodewald,OTT,R,all,4,1752,0,0
Jayson Megna,VAN,C,all,1,258,0,0
Jeff Petry,MTL,D,all,82,115595,42,12
Nick Foligno,CBJ,L,all,72,79273,33,15
Joel Edmundson,STL,D,all,69,85865,17,7
Jujhar Khaira,EDM,L,all,69,52609,21,11
Dennis Seidenberg,NYI,D,all,28,30043,5,0
Anton Stralman,T.B,D,all,80,103137,18,4
Christian Wolanin,OTT,D,all,10,8788,3,1
Alec Martinez,L.A,D,all,77,105102,25,9
Brooks Laich,L.A,C,all,12,8059,1,0
Robert Hagg,PHI,D,all,70,76183,9,3
Patrick Kane,CHI,R,all,82,99318,76,27
Brandon Montour,ANA,D,all,80,98255,32,9
Tucker Poolman,WPG,D,all,24,18091,2,1
William Nylander,TOR,C,all,82,82107,61,20
Stefan Matteau,VGK,C,all,8,3937,1,0
Zach Aston-Reese,PIT,C,all,16,10921,6,4
Christian Fischer,ARI,R,all,79,65893,33,15
William Karlsson,VGK,C,all,82,92087,78,43
Dakota Mermis,ARI,D,all,9,5932,0,0
Lucas Wallmark,CAR,C,all,11,6266,1,1
Alex Biega,VAN,D,all,44,39654,9,1
Jacob de la Rose,MTL,L,all,55,39090,12,4
Zack Kassian,EDM,R,all,74,51812,19,7
Alan Quine,NYI,C,all,21,14787,3,0
Trevor Carrick,CAR,D,all,1,452,0,0
Ryan Dzingel,OTT,L,all,79,78186,41,23
Ryan McDonagh,T.B,D,all,63,88179,29,4
Marc Staal,NYR,D,all,72,80059,8,1
Oliver Bjorkstrand,CBJ,R,all,82,70318,40,11
Andrew Ladd,NYI,L,all,73,69612,29,12
Benoit Pouliot,BUF,L,all,74,60751,19,13
Gabriel Bourque,COL,L,all,57,37069,11,5
Ian McCoshen,FLA,D,all,38,34373,4,3
Cal O'Reilly,MIN,C,all,1,496,0,0
Hudson Fasching,BUF,R,all,5,2910,0,0
Jared Spurgeon,MIN,D,all,61,89837,37,9
Drew Stafford,N.J,R,all,59,49062,15,8
Filip Chytil,NYR,C,all,9,7349,3,1
Cal Clutterbuck,NYI,R,all,76,58249,18,8
Tage Thompson,STL,C,all,41,29233,9,3
Conor Sheary,PIT,L,all,79,66110,30,18
Daniel Carr,MTL,L,all,38,27665,16,6
Devante Smith-Pelly,WSH,R,all,75,55458,16,7
Sammy Blais,STL,L,all,11,7110,3,1
Dylan Sikura,CHI,R,all,5,4020,3,0
Bryan Little,WPG,C,all,82,83314,43,16
Giovanni Fiore,ANA,L,all,1,473,0,0
Colton Sceviour,FLA,C,all,75,60553,24,11
Mitch Reinke,STL,D,all,1,785,0,0
Jacob Trouba,WPG,D,all,55,72263,24,3
Roland McKeown,CAR,D,all,10,8046,3,0
MacKenzie Weegar,FLA,D,all,59,51761,8,2
Lee Stempniak,CAR,R,all,37,27688,9,3
Micheal Haley,FLA,C,all,74,34570,9,3
Travis Hamonic,CGY,D,all,74,91900,11,1
William Carrier,VGK,L,all,37,19627,3,1
Bryan Rust,PIT,R,all,69,66443,38,13
Reilly Smith,VGK,R,all,67,72056,60,22
Tom Pyatt,OTT,L,all,81,68302,22,7
Tanner Glass,CGY,L,all,16,9005,0,0
Marian Gaborik,OTT,R,all,46,38566,21,11
Ron Hainsey,TOR,D,all,80,104951,23,4
Kevin Bieksa,ANA,D,all,59,63786,8,0
Alexander Burmistrov,VAN,C,all,24,17247,6,2
Alex Broadhurst,CBJ,C,all,2,1205,0,0
Dylan DeMelo,S.J,D,all,63,53480,20,0
Timo Meier,S.J,R,all,81,72043,36,21
Andrew MacDonald,PHI,D,all,66,78642,21,6
Ivan Barbashev,STL,C,all,53,38638,13,7
Derek Dorsett,VAN,R,all,20,18338,9,7
Eric Staal,MIN,C,all,82,87635,76,42
Bobby Ryan,OTT,R,all,62,61163,33,11
Tyler Myers,WPG,D,all,82,105417,36,6
Jakob Chychrun,ARI,D,all,50,60720,14,4
J.T. Compher,COL,L,all,69,66239,23,13
Mark Pysyk,FLA,D,all,81,91059,16,3
John Quenneville,N.J,C,all,2,1595,0,0
Daniel Catenacci,NYR,C,all,1,663,0,0
Gabriel Dumont,OTT,C,all,30,16276,2,1
Curtis Valk,FLA,C,all,1,205,0,0
Matt Grzelcyk,BOS,D,all,61,61271,15,3
Milan Lucic,EDM,L,all,82,78526,34,10
Andrej Sustr,T.B,D,all,44,33895,7,2
Jordan Schroeder,CBJ,L,all,21,9421,2,1
Lias Andersson,NYR,C,all,7,5017,2,1
Patrik Berglund,STL,C,all,57,54863,26,17
Corey Perry,ANA,R,all,71,75730,49,17
Cam Fowler,ANA,D,all,67,99911,32,8
Lars Eller,WSH,C,all,81,74022,38,18
Victor Ejdsell,CHI,C,all,6,4794,1,0
Johnny Boychuk,NYI,D,all,58,70268,18,6
David Backes,BOS,R,all,57,52652,33,14
Connor Brown,TOR,R,all,82,73825,28,14
Kevin Connauton,ARI,D,all,73,66472,21,11
Danton Heinen,BOS,C,all,77,69402,47,16
Dan Girardi,T.B,D,all,77,80320,18,6
Chase Balisy,FLA,C,all,8,4712,0,0
Jay Bouwmeester,STL,D,all,35,42287,7,2
Duncan Siemens,COL,D,all,16,11826,2,1
Zach Redmond,BUF,D,all,3,2606,0,0
Rob O'Gara,NYR,D,all,30,27923,3,0
Owen Tippett,FLA,R,all,7,4669,1,1
Sidney Crosby,PIT,C,all,82,101791,89,29
Ben Hutton,VAN,D,all,61,67397,6,0
Anthony Cirelli,T.B,C,all,18,14290,11,5
Radko Gudas,PHI,D,all,70,71804,16,2
Brayden Schenn,STL,C,all,82,96542,70,28
Andy Andreoff,L.A,L,all,45,25352,9,3
Matt Niskanen,WSH,D,all,68,91877,29,7
Zach Hyman,TOR,C,all,82,85400,40,15
Jim O'Brien,OTT,C,all,10,5253,1,0
Mark Alt,COL,D,all,15,11204,0,0
Matt Read,PHI,R,all,19,12428,1,1
Ty Rattie,EDM,R,all,14,12996,9,5
Seth Griffith,BUF,C,all,21,13313,3,2
Gemel Smith,DAL,C,all,46,26031,11,6
Michael Frolik,CGY,R,all,70,71075,25,10
Travis Konecny,PHI,C,all,81,72449,47,24
David Perron,VGK,L,all,70,74785,66,16
Mattias Ekholm,NSH,D,all,81,114586,34,10
Christoph Bertschy,MIN,C,all,1,323,0,0
Derek Grant,ANA,C,all,66,43948,24,12
Anthony Peluso,WSH,R,all,2,557,0,0
Ben Harpur,OTT,D,all,41,36620,1,0
Jake Guentzel,PIT,C,all,82,81112,48,22
Tyler Motte,VAN,C,all,46,30979,7,5
Colin White,OTT,C,all,21,16814,6,2
Slater Koekkoek,T.B,D,all,35,23594,8,4
Rick Nash,BOS,L,all,71,72658,34,21
Brenden Dillon,S.J,D,all,81,83870,22,5
Jeff Carter,L.A,C,all,27,28484,22,13
Brandon Saad,CHI,L,all,82,86120,35,18
Kalle Kossila,ANA,C,all,10,5451,2,1
Ethan Bear,EDM,D,all,18,20123,4,1
Michael Bournival,T.B,L,all,5,2804,0,0
John Carlson,WSH,D,all,82,121395,68,15
Derick Brassard,PIT,C,all,72,76605,46,21
Maxim Mamin,FLA,C,all,25,15831,4,3
Jonny Brodzinski,L.A,C,all,35,19961,6,4
Kevan Miller,BOS,D,all,68,79392,16,1
Brendan Leipsic,VAN,L,all,58,45714,22,5
Oskar Sundqvist,STL,C,all,42,26347,5,1
Nolan Patrick,PHI,C,all,73,60115,30,13
Patrik Laine,WPG,R,all,82,81085,70,44
Matt Tennyson,BUF,D,all,15,16175,0,0
Cody Eakin,VGK,C,all,80,69768,27,11
Josh Morrissey,WPG,D,all,81,99392,26,7
Sam Gagner,VAN,C,all,74,67093,31,10
Oscar Klefbom,EDM,D,all,66,90475,21,5
Mikhail Sergachev,T.B,D,all,79,72808,40,9
Jordan Oesterle,CHI,D,all,55,67701,15,5
Christian Dvorak,ARI,C,all,78,76879,37,15
Matt Bartkowski,CGY,D,all,18,14413,3,0
Michael Stone,CGY,D,all,82,82394,10,3
Duncan Keith,CHI,D,all,82,117229,32,2
Neal Pionk,NYR,D,all,28,37611,14,1
Zach Bogosian,BUF,D,all,18,20689,1,0
Andrei Mironov,COL,D,all,10,6628,3,1
Nick Holden,BOS,D,all,73,83247,17,4
Matt Cullen,MIN,C,all,79,56369,22,11
Kevin Fiala,NSH,L,all,80,72709,48,23
Trevor van Riemsdyk,CAR,D,all,79,80818,16,3
Anton Lindholm,COL,D,all,47,37130,4,0
Will Butcher,N.J,D,all,81,78072,44,5
Mario Kempe,ARI,R,all,18,11975,4,2
Noah Hanifin,CAR,D,all,79,89397,32,10
Brian Dumoulin,PIT,D,all,80,98964,18,5
Mikko Rantanen,COL,R,all,80,91141,84,29
Jack Johnson,CBJ,D,all,77,90304,11,3
Austin Czarnik,BOS,C,all,10,6547,4,0
Dryden Hunt,FLA,L,all,11,6971,1,0
Leo Komarov,TOR,C,all,74,70094,19,7
Mikael Granlund,MIN,R,all,77,86771,67,21
Tim Heed,S.J,D,all,29,27874,11,3
Curtis McKenzie,DAL,L,all,7,3403,2,0
Jeff Skinner,CAR,L,all,82,82203,49,24
Travis Boyd,WSH,C,all,8,4236,1,0
Brad Hunt,VGK,D,all,45,44945,18,3
Tom Wilson,WSH,R,all,78,74479,35,14
Vinni Lettieri,NYR,C,all,19,13744,5,1
Trevor Daley,DET,D,all,76,94472,16,9
Brett Pesce,CAR,D,all,65,81526,19,3
Cody Ceci,OTT,D,all,82,114830,19,5
Nathan MacKinnon,COL,C,all,73,87260,96,38
Steven Santini,N.J,D,all,36,43792,10,2
Josh Manson,ANA,D,all,80,97697,37,7
Adam Gaudette,VAN,C,all,5,3836,0,0
Nail Yakupov,COL,R,all,57,37110,16,9
Tyson Barrie,COL,D,all,68,92604,57,14
Jake Virtanen,VAN,R,all,75,53939,20,10
Jesper Fast,NYR,R,all,71,63396,33,13
Andreas Englund,OTT,D,all,1,681,0,0
Erik Burgdoerfer,OTT,D,all,2,1610,1,0
Colin Miller,VGK,D,all,82,95132,41,10
Boone Jenner,CBJ,C,all,75,74076,32,13
Adam Erne,T.B,L,all,23,13964,4,3
Mark Stone,OTT,R,all,58,71938,62,20
Marcus Foligno,MIN,L,all,77,50187,23,8
Dominic Turgeon,DET,C,all,5,2770,0,0
Daniel Brickley,L.A,D,all,1,648,1,0
Jamie Oleksiak,PIT,D,all,68,67975,17,5
Radim Vrbata,FLA,R,all,42,32521,14,5
Deryk Engelland,VGK,D,all,79,96128,23,5
Zach Whitecloud,VGK,D,all,1,1002,0,0
Adam Henrique,ANA,C,all,81,86436,50,24
Devin Shore,DAL,C,all,81,75247,32,11
Vladimir Sobotka,STL,L,all,81,82924,31,11
Ashton Sautner,VAN,D,all,5,4008,2,0
Byron Froese,MTL,C,all,48,33349,11,3
Zdeno Chara,BOS,D,all,73,100317,24,7
Peter Cehlarik,BOS,L,all,6,5016,2,1
Mattias Janmark,DAL,C,all,80,81361,34,19
Patrice Bergeron,BOS,C,all,64,74640,63,30
Sam Bennett,CGY,C,all,82,70814,26,11
Andrej Sekera,EDM,D,all,36,35274,8,0
Nathan Walker,EDM,L,all,9,5101,1,1
Ben Chiarot,WPG,D,all,57,52233,14,2
Christopher Tanev,VAN,D,all,42,49835,11,2
Michael McCarron,MTL,R,all,18,9463,1,0
Nazem Kadri,TOR,C,all,80,80445,55,32
Jakub Vrana,WSH,L,all,73,54581,27,13
Vadim Shipachyov,VGK,C,all,3,1906,1,1
Evan Rodrigues,BUF,L,all,48,40116,25,7
Martin Marincin,TOR,D,all,2,2001,0,0
Anton Blidh,BOS,L,all,1,623,0,0
Brandon Pirri,VGK,C,all,2,2114,3,3
Victor Rask,CAR,C,all,71,65523,31,14
David Kampf,CHI,C,all,46,35327,11,4
Colin Wilson,COL,C,all,55,43326,18,6
Tyler Bertuzzi,DET,L,all,47,40724,24,7
Jesse Puljujarvi,EDM,R,all,65,52134,20,12
Josh Gorges,BUF,D,all,34,30478,2,0
Olli Maatta,PIT,D,all,82,92279,29,7
Patrick Sharp,CHI,L,all,70,54111,21,10
Kevin Shattenkirk,NYR,D,all,46,55951,23,5
Loui Eriksson,VAN,L,all,50,48808,23,10
Brian Boyle,N.J,C,all,69,55026,23,13
Brendan Guhle,BUF,D,all,18,19554,5,0
Tyler Pitlick,DAL,C,all,79,64867,27,14
Patrik Nemeth,COL,D,all,67,79926,14,3
Trevor Lewis,L.A,C,all,68,61892,26,14
Jordan Weal,PHI,C,all,69,53613,21,8
Adam Lowry,WPG,C,all,45,40202,21,8
Ivan Provorov,PHI,D,all,82,118801,41,17
Michael Del Zotto,VAN,D,all,82,102356,22,6
Tomas Jurco,CHI,L,all,29,21954,10,6
Chris Stewart,CGY,R,all,54,34805,16,10
Brayden McNabb,VGK,D,all,76,91894,15,5
Brandon Dubinsky,CBJ,C,all,62,57072,16,6
Riley Sheahan,PIT,C,all,81,71291,32,11
Oliver Ekman-Larsson,ARI,D,all,82,116398,42,14
Danick Martel,PHI,L,all,4,2452,0,0
Patrick Sieloff,OTT,D,all,1,671,1,1
Joe Hicketts,DET,D,all,5,5204,3,0
Justin Holl,TOR,D,all,2,2083,2,2
Mike Liambas,ANA,L,all,7,2221,1,0
Kyle Brodziak,STL,C,all,81,65110,33,10
Patrick Marleau,TOR,C,all,82,83580,47,27
Nicolas Deslauriers,MTL,L,all,58,40350,14,10
Tommy Wingels,BOS,C,all,75,51687,17,9
Barclay Goodrow,S.J,R,all,47,30465,14,7
Jean-Gabriel Pageau,OTT,C,all,78,78334,29,14
Brad Marchand,BOS,L,all,68,80441,85,34
Nick Leddy,NYI,D,all,80,107556,42,10
Jared McCann,FLA,C,all,67,53377,28,9
Laurent Dauphin,ARI,C,all,2,867,0,0
Jason Spezza,DAL,C,all,77,60138,26,8
Sonny Milano,CBJ,L,all,55,38444,22,14
Jonathan Marchessault,VGK,C,all,77,80871,75,27
Brock Nelson,NYI,C,all,82,72448,35,19
Marc Methot,DAL,D,all,36,38628,3,1
Carl Soderberg,COL,C,all,76,79095,37,16
Marek Hrivik,CGY,L,all,3,1531,0,0
Tyrell Goulbourne,PHI,L,all,9,3015,0,0
Jakub Voracek,PHI,R,all,82,95729,85,20
Chris Thorburn,STL,R,all,50,21115,7,1
Tanner Fritz,NYI,C,all,34,25544,7,3
Tyson Jost,COL,C,all,64,56274,22,12
Vladimir Tarasenko,STL,R,all,80,91034,66,33
Ross Johnston,NYI,L,all,24,13442,6,3
Travis Dermott,TOR,D,all,37,35507,13,1
Kyle Criscuolo,BUF,C,all,9,4328,0,0
Shayne Gostisbehere,PHI,D,all,78,100411,65,13
Andrew Crescenzi,L.A,C,all,2,943,0,0
Nate Schmidt,VGK,D,all,76,101419,36,5
Justin Braun,S.J,D,all,81,103196,33,5
Alex Galchenyuk,MTL,L,all,82,79872,51,19
Jordan Greenway,MIN,L,all,6,4119,1,0
David Desharnais,NYR,C,all,71,55622,28,6
Jason Demers,ARI,D,all,69,87503,20,6
Tom Kuhnhackl,PIT,R,all,69,41489,8,2
Shawn Matthias,WPG,L,all,27,18100,3,1
Mike Green,DET,D,all,65,86210,33,8
John Tavares,NYI,C,all,82,98032,84,37
Stefan Noesen,N.J,R,all,72,57398,27,13
John Klingberg,DAL,D,all,81,116863,66,8
Garnet Hathaway,CGY,R,all,59,40824,13,4
Fredrik Claesson,OTT,D,all,64,58920,7,1
Casey Mittelstadt,BUF,C,all,6,5047,5,1
Alexandre Burrows,OTT,R,all,71,49798,14,6
Tomas Nosek,VGK,L,all,67,44590,15,7
Dillon Heatherington,DAL,D,all,6,3906,1,0
Phil Kessel,PIT,R,all,82,91935,92,34
Matt Martin,TOR,L,all,50,23965,12,3
Mark Letestu,CBJ,C,all,80,61671,23,9
Christian Folin,L.A,D,all,65,60929,13,3
Calle Rosen,TOR,D,all,4,3069,1,0
Kris Versteeg,CGY,R,all,24,18983,8,3
Derek Stepan,ARI,C,all,82,94795,56,14
Henrik Sedin,VAN,C,all,82,76498,50,3
Wade Megan,STL,C,all,1,501,0,0
Aaron Ekblad,FLA,D,all,81,113786,36,15
Spencer Foo,CGY,R,all,4,3805,2,2
Patric Hornqvist,PIT,R,all,70,72756,49,29
Artem Anisimov,CHI,C,all,72,72527,31,20
Charles Hudon,MTL,L,all,72,60605,30,10
Nathan Beaulieu,BUF,D,all,59,56453,9,1
Erik Haula,VGK,L,all,76,79213,55,29
Pontus Aberg,EDM,L,all,53,38692,16,4
Oscar Fantenberg,L.A,D,all,27,23105,9,2
Damon Severson,N.J,D,all,76,89740,24,9
Joonas Donskoi,S.J,R,all,66,58989,32,14
Jake McCabe,BUF,D,all,53,62013,12,3
Ryan Lomberg,CGY,L,all,7,2625,1,0
Joe Morrow,WPG,D,all,56,56223,16,6
Alexander Radulov,DAL,R,all,81,97625,71,27
Andreas Athanasiou,DET,L,all,70,64360,33,16
Casey Cizikas,NYI,C,all,64,50695,17,7
Ryan Sproul,NYR,D,all,16,15716,5,1
Henrik Haapala,FLA,L,all,5,4110,1,0
A.J. Greer,COL,L,all,16,7020,2,0
Chris Kreider,NYR,L,all,58,54352,37,16
Josh Jooris,PIT,R,all,40,23437,6,3
Mirco Mueller,N.J,D,all,28,28015,4,0
Teuvo Teravainen,CAR,L,all,82,83085,64,23
Michal Kempny,WSH,D,all,53,50343,10,3
Brett Kulak,CGY,D,all,71,55317,8,2
Logan Shaw,MTL,R,all,67,47001,13,4
Jonas Brodin,MIN,D,all,73,94627,21,6
Paul Carey,NYR,C,all,60,36936,14,7
Esa Lindell,DAL,D,all,79,104634,27,7
Nick Cousins,ARI,C,all,71,54757,19,12
Filip Chlapik,OTT,C,all,20,12087,4,1
Troy Stecher,VAN,D,all,68,76751,11,1
Jakub Jerabek,WSH,D,all,36,35070,8,2
Daniel Winnik,MIN,L,all,81,65940,23,6
Anthony Mantha,DET,R,all,79,82052,48,24
Eric Gryba,EDM,D,all,21,18564,2,0
Brett Connolly,WSH,R,all,70,50010,27,15
Nikita Zadorov,COL,D,all,76,88535,18,7
Taylor Leier,PHI,L,all,39,24542,5,1
Riley Nash,BOS,C,all,76,70266,41,15
Chris Wagner,NYI,R,all,79,62938,16,7
Ryan Carpenter,VGK,C,all,52,39310,15,9
Paul Martin,S.J,D,all,14,12399,2,0
Jordan Schmaltz,STL,D,all,13,8293,1,0
Jimmy Hayes,N.J,R,all,33,23617,9,3
Scott Harrington,CBJ,D,all,32,25535,5,2
Artturi Lehkonen,MTL,L,all,66,65288,21,12
Chris Kunitz,T.B,L,all,82,58776,29,13
Jason Chimera,ANA,L,all,74,45730,13,3
Beau Bennett,STL,R,all,6,3889,0,0
Mark Barberio,COL,D,all,45,46488,12,2
Landon Ferraro,MIN,C,all,2,530,1,1
Mark Scheifele,WPG,C,all,60,74442,60,23
Sven Baertschi,VAN,L,all,53,49626,29,14
Anthony Bitetto,NSH,D,all,32,25804,3,1
Jonathan Drouin,MTL,C,all,77,81309,46,13
Dmitry Orlov,WSH,D,all,82,113323,31,10
Markus Granlund,VAN,C,all,53,51694,12,8
Adam Pelech,NYI,D,all,78,90203,19,3
Noah Juulsen,MTL,D,all,23,26804,3,1
Andre Burakovsky,WSH,L,all,56,46228,25,12
Markus Nutivaara,CBJ,D,all,61,58664,23,7
Nikolay Kulemin,NYI,L,all,13,9311,3,1
Andy Welinski,ANA,D,all,7,6793,2,0
Kyle Turris,NSH,C,all,76,75761,51,16
Colton Parayko,STL,D,all,82,110803,35,6
Samuel Girard,COL,D,all,72,76291,22,4
Daniel Sedin,VAN,L,all,81,74214,55,23
Matt Beleskey,NYR,L,all,15,9877,0,0
Michael Grabner,N.J,R,all,80,71129,36,27
Noel Acciari,BOS,C,all,60,46487,11,10
Taylor Chorney,CBJ,D,all,25,19707,4,1
Anders Lee,NYI,L,all,82,84953,62,40
Zach Werenski,CBJ,D,all,77,104301,37,16
Filip Forsberg,NSH,L,all,67,70246,64,26
Josh Anderson,CBJ,R,all,63,68183,30,19
Dominic Moore,TOR,C,all,50,30892,12,6
Mikkel Boedker,S.J,L,all,74,59028,37,15
Tim Schaller,BOS,C,all,82,65339,22,12
Vinnie Hinostroza,CHI,L,all,50,41459,25,7
Nicholas Baptiste,BUF,R,all,33,19734,6,4
Joel Eriksson Ek,MIN,C,all,75,57503,16,6
John Gilmour,NYR,D,all,28,28856,5,2
Tyler Seguin,DAL,C,all,81,101539,78,40
Ryan Suter,MIN,D,all,78,125318,51,6
Lawson Crouse,ARI,L,all,11,7220,1,1
Joakim Ryan,S.J,D,all,62,61989,12,3
Derek MacKenzie,FLA,C,all,74,50184,14,3
Alexander Nylander,BUF,R,all,3,2315,1,1
Mitchell Marner,TOR,C,all,82,80629,69,22
Jake Dotchin,T.B,D,all,48,47476,11,3
Brock Boeser,VAN,R,all,62,65072,55,29
Jaden Schwartz,STL,L,all,62,71631,59,24
Matt Duchene,OTT,C,all,82,90153,59,27
Tomas Plekanec,TOR,C,all,77,69929,26,6
Christian Djoos,WSH,D,all,63,53050,14,3
Jaromir Jagr,CGY,R,all,22,17220,7,1
Andrew Cogliano,ANA,L,all,80,72956,35,12
Jake DeBrusk,BOS,L,all,70,60355,43,16
Lukas Sedlak,CBJ,C,all,53,29893,8,4
Pierre-Luc Dubois,CBJ,C,all,82,81842,48,20
Niklas Hjalmarsson,ARI,D,all,48,59610,9,1
Johnny Gaudreau,CGY,L,all,80,93234,84,24
Max Domi,ARI,L,all,82,82194,45,9
Cory Conacher,T.B,C,all,36,21588,12,8
Curtis Lazar,CGY,C,all,65,38443,12,2
Korbinian Holzer,ANA,D,all,16,11151,0,0
Zack Mitchell,MIN,R,all,23,14544,5,3
Brandon Manning,PHI,D,all,65,70013,19,7
Justin Kloos,MIN,C,all,1,519,0,0
James van Riemsdyk,TOR,L,all,81,72344,54,36
Kevin Labanc,S.J,R,all,77,66079,40,11
Josh Bailey,NYI,R,all,76,81551,71,18
Chris Bigras,COL,D,all,15,12474,1,0
Dan Hamhuis,DAL,D,all,79,95817,24,3
Drake Caggiula,EDM,L,all,67,54472,20,13
Greg Pateryn,DAL,D,all,72,84904,13,1
Jaccob Slavin,CAR,D,all,82,111132,30,8
Rasmus Ristolainen,BUF,D,all,73,116067,41,6
Nick Seeler,MIN,D,all,22,19186,4,0
Paul Stastny,WPG,C,all,82,90059,53,16
Blake Wheeler,WPG,R,all,81,98447,91,23
Matt Moulson,BUF,L,all,14,8641,0,0
Matt Stajan,CGY,C,all,68,44614,12,4
Jussi Jokinen,VAN,L,all,60,41672,17,5
Kenny Agostino,BOS,L,all,5,3613,1,0
Kyle Clifford,L.A,L,all,50,31456,10,6
Artemi Panarin,CBJ,L,all,81,97835,82,27
Kris Russell,EDM,D,all,78,89240,21,4
Frank Corrado,PIT,D,all,5,3450,0,0
Vince Dunn,STL,D,all,75,77008,24,5
Paul Byron,MTL,L,all,82,79337,35,20
Nicolas Kerdiles,ANA,L,all,2,450,0,0
Cody Franson,CHI,D,all,23,22930,7,1
Justin Williams,CAR,R,all,82,81613,51,16
Frederik Gauthier,TOR,C,all,9,4721,1,1
Brendan Lemieux,WPG,L,all,9,4288,1,1
Bo Horvat,VAN,C,all,64,74303,44,22
Darren Archibald,VAN,R,all,27,24072,9,4
Zack Smith,OTT,L,all,68,68217,19,5
Ryan Getzlaf,ANA,C,all,56,71990,61,11
Morgan Rielly,TOR,D,all,76,98454,52,6
Carl Dahlstrom,CHI,D,all,11,11559,3,0
Joel Hanley,ARI,D,all,5,3339,0,0
Nino Niederreiter,MIN,R,all,63,56705,32,18
Carson Soucy,MIN,D,all,3,2672,0,0
Radek Faksa,DAL,C,all,78,71484,33,17
Karl Alzner,MTL,D,all,82,98796,12,1
Rinat Valiev,MTL,D,all,2,1417,0,0
Elias Lindholm,CAR,C,all,81,86959,44,16
Madison Bowey,WSH,D,all,51,41963,12,0
Chad Ruhwedel,PIT,D,all,44,41516,5,2
Kevin Rooney,N.J,C,all,1,706,0,0
Henrik Borgstrom,FLA,C,all,4,3038,1,1
Gustav Forsling,CHI,D,all,41,47124,13,3
Luke Glendening,DET,R,all,68,53862,19,11
Nikolay Goldobin,VAN,R,all,38,28120,14,8
Michael Cammalleri,EDM,L,all,66,54536,29,7
Nicklas Backstrom,WSH,C,all,81,95066,71,21
Tomas Hertl,S.J,C,all,79,85343,46,22
Torrey Mitchell,L.A,C,all,60,40820,11,6
Zach Parise,MIN,L,all,42,43049,24,15
Marco Scandella,BUF,D,all,82,114719,22,5
Dion Phaneuf,L.A,D,all,79,94278,26,6
Tomas Tatar,VGK,L,all,81,79080,34,20
Jared Boll,ANA,R,all,10,2655,1,1
Luca Sbisa,VGK,D,all,30,35127,14,2
David Pastrnak,BOS,R,all,82,88392,80,35
Alex Chiasson,WSH,R,all,61,43031,18,9
Oskar Lindblom,PHI,L,all,23,20128,6,2
Ryan Murphy,MIN,D,all,21,23954,5,2
Nico Hischier,N.J,C,all,82,80242,52,20
Brendan Gaunce,VAN,C,all,37,29548,6,4
Evgeny Svechnikov,DET,R,all,14,7409,4,2
Chris Tierney,S.J,C,all,82,78479,40,17
Sebastian Aho,CAR,R,all,78,83857,65,29
Dustin Brown,L.A,R,all,81,95943,61,28
Dennis Rasmussen,ANA,C,all,27,14431,4,1
Kailer Yamamoto,EDM,R,all,9,8186,3,0
Matthew Peca,T.B,C,all,10,8202,5,2
Ian Cole,CBJ,D,all,67,71457,20,5
Paul LaDue,L.A,D,all,12,10059,4,3
Warren Foegele,CAR,L,all,2,1431,3,2
Henrik Zetterberg,DET,C,all,81,94894,56,11
Carl Gunnarsson,STL,D,all,63,60791,9,5
Ryan Donato,BOS,C,all,12,10581,9,5
Louie Belpedio,MIN,D,all,1,947,2,0
Patrick Eaves,ANA,R,all,2,1975,1,1
Nic Petan,WPG,L,all,15,7572,2,2
Alexei Emelin,NSH,D,all,76,76979,9,1
Luke Schenn,ARI,D,all,64,62916,7,1
James Neal,VGK,L,all,71,73155,44,25
Jesper Bratt,N.J,L,all,74,67716,35,13
Iiro Pakarinen,EDM,R,all,40,24464,3,2
Justin Falk,BUF,D,all,46,44404,2,1
Kevin Roy,ANA,L,all,25,20473,7,6
David Savard,CBJ,D,all,81,94187,16,4
Darnell Nurse,EDM,D,all,82,109469,26,6
Matt Hendricks,WPG,C,all,60,33927,13,5
Charlie McAvoy,BOS,D,all,63,83717,32,7
Troy Terry,ANA,R,all,2,1225,0,0
Jon Merrill,VGK,D,all,34,32813,3,1
Anders Bjork,BOS,L,all,30,22225,12,4
Brandon Carlo,BOS,D,all,76,87721,6,0
Nikita Scherbak,MTL,R,all,26,20869,6,4
Ondrej Palat,T.B,L,all,56,57107,35,11
Nick Bjugstad,FLA,C,all,81,73662,48,19
Peter Holland,NYR,C,all,23,17103,4,1
Sebastian Aho,NYI,D,all,22,21444,4,1
Keith Yandle,FLA,D,all,81,118984,54,8
Mikael Backlund,CGY,C,all,82,93557,45,14
Oscar Lindberg,VGK,C,all,63,44512,11,9
Andy Greene,N.J,D,all,81,102662,13,3
Antoine Roussel,DAL,L,all,72,53743,17,5
Chris Kelly,ANA,C,all,12,5516,2,0
Brian Lashoff,DET,D,all,1,242,0,0
Thomas Vanek,CBJ,L,all,80,67621,56,24
Mike Fisher,NSH,C,all,16,11851,4,2
Alexander Steen,STL,L,all,76,84808,46,15
Kyle Okposo,BUF,R,all,76,77644,44,15
Derrick Pouliot,VAN,D,all,71,76048,22,3
Sean Couturier,PHI,C,all,82,106184,76,31
Mike Matheson,FLA,D,all,80,102179,27,10
Zac Rinaldo,ARI,C,all,53,35883,7,5
Lance Bouma,CHI,L,all,53,33868,9,3
Scott Wilson,BUF,C,all,69,50536,14,6
Michael Chaput,VAN,C,all,9,5285,0,0
Joakim Nordstrom,CAR,L,all,75,47573,7,2
Nikita Kucherov,T.B,R,all,80,95143,100,39
Justin Faulk,CAR,D,all,76,101541,31,8
Aaron Ness,WSH,D,all,8,6109,1,0
Nikita Zaitsev,TOR,D,all,60,79983,13,5
Martin Necas,CAR,C,all,1,414,0,0
Reid Boucher,VAN,C,all,20,13651,5,3
Jacob Josefson,BUF,C,all,39,26621,4,2
Mathew Barzal,NYI,C,all,82,87407,85,22
Dmitry Kulikov,WPG,D,all,62,63508,11,3
Tobias Rieder,L.A,C,all,78,68573,25,12
Andrew Copp,WPG,C,all,82,67558,28,9
Ryan Callahan,T.B,R,all,67,53551,18,5
Dougie Hamilton,CGY,D,all,82,105932,44,17
Joel Armia,WPG,R,all,79,59731,29,12
Yannick Weber,NSH,D,all,47,34002,5,2
Matt Nieto,COL,L,all,73,65257,26,15
Nic Dowd,VAN,C,all,56,35401,4,3
Chris Butler,STL,D,all,6,4790,0,0
Jack Roslovic,WPG,C,all,31,22919,14,5
David Krejci,BOS,C,all,64,64803,44,17
Nicholas Merkley,ARI,R,all,1,810,0,0
Roman Polak,TOR,D,all,54,57163,12,2
Alexander Wennberg,CBJ,C,all,66,71800,35,8
Mikko Koivu,MIN,C,all,82,90957,45,14
Mike Hoffman,OTT,L,all,82,90562,56,22
Chris Wideman,OTT,D,all,16,11094,8,3
Colby Cave,BOS,C,all,3,2062,0,0
Zach Trotman,PIT,D,all,3,2301,0,0
Boo Nieves,NYR,C,all,28,17134,9,1
Connor McDavid,EDM,C,all,82,106034,108,41
Andreas Johnsson,TOR,L,all,9,6318,3,2
Scottie Upshall,STL,R,all,63,41027,19,7
Jordan Staal,CAR,C,all,79,91249,46,19
Ryan Murray,CBJ,D,all,44,48672,12,1
Blake Pietila,N.J,L,all,2,1135,0,0
Steven Stamkos,T.B,C,all,78,87864,86,27
Matt Calvert,CBJ,L,all,69,55377,24,9
Nick Paul,OTT,L,all,11,5212,1,1
Evander Kane,S.J,L,all,78,91221,54,29
Michael Raffl,PHI,L,all,76,60441,22,13
Ales Hemsky,MTL,R,all,7,4167,0,0
Jason Zucker,MIN,L,all,82,83448,64,33
Hampus Lindholm,ANA,D,all,69,94143,31,13
Jordan Martinook,ARI,L,all,81,68090,15,6
Joel Ward,S.J,R,all,52,37047,12,5
Nathan Gerbe,CBJ,C,all,2,1032,0,0
Dalton Prout,N.J,D,all,4,3357,0,0
Logan Brown,OTT,C,all,4,1951,1,0
Anthony Beauvillier,NYI,C,all,71,61884,36,21
Ryan Reaves,VGK,R,all,79,36004,10,4
Vincent Trocheck,FLA,C,all,81,103689,75,31
Gabriel Carlsson,CBJ,D,all,14,9517,2,0
Ondrej Kase,ANA,R,all,66,55133,38,20
Nate Prosser,MIN,D,all,57,46041,9,3
Leon Draisaitl,EDM,C,all,78,90419,70,25
Evgeny Kuznetsov,WSH,C,all,79,88656,83,27
Alex Goligoski,ARI,D,all,78,108831,35,12
Erik Karlsson,OTT,D,all,71,113910,62,9
David Warsofsky,COL,D,all,16,12859,5,0
Austin Watson,NSH,L,all,76,56232,19,14
Brendan Smith,NYR,D,all,44,45322,8,1
Dustin Byfuglien,WPG,D,all,69,100763,45,8
Alexander Petrovic,FLA,D,all,66,58128,13,2
Philip Holm,VAN,D,all,1,912,0,0
Drew Doughty,L.A,D,all,82,131464,60,10
Brandon Tanev,WPG,L,all,61,46340,18,8
Dylan Strome,ARI,C,all,21,16313,9,4
Andreas Martinsen,CHI,L,all,9,6826,1,1
Samuel Morin,PHI,D,all,2,1897,0,0
Nick Shore,CGY,C,all,64,54407,19,5
Nicolas Roy,CAR,C,all,1,646,0,0
Jonathan Ericsson,DET,D,all,80,92743,13,3
Nick Bonino,NSH,C,all,71,66608,25,12
Brian Gionta,BOS,R,all,20,15681,7,2
Sven Andrighetto,COL,R,all,50,43459,22,8
Gabriel Landeskog,COL,L,all,77,93129,62,25
Tyler Graovac,WSH,C,all,5,2022,0,0
Jason Pominville,BUF,R,all,82,73323,34,16
Kyle Rau,MIN,C,all,3,1985,1,0
Joe Pavelski,S.J,C,all,82,94333,66,22
Nikolaj Ehlers,WPG,L,all,82,79116,60,29
Josh Archibald,ARI,R,all,42,30102,11,5
Valentin Zykov,CAR,L,all,10,8224,7,3
Mathieu Perreault,WPG,C,all,70,60725,39,17
Ben Sexton,OTT,C,all,2,1233,0,0
Andrew Mangiapane,CGY,L,all,10,5358,0,0
Logan Couture,S.J,C,all,78,86299,61,34
Antoine Vermette,ANA,C,all,64,52799,16,8
Janne Kuokkanen,CAR,C,all,4,2655,0,0
Niklas Kronwall,DET,D,all,78,86516,27,4
Jake Muzzin,L.A,D,all,74,95858,42,8
Dale Weise,PHI,R,all,46,29180,8,4
Brock McGinn,CAR,L,all,80,69584,30,16
Marc-Edouard Vlasic,S.J,D,all,81,109218,32,11
Troy Brouwer,CGY,R,all,76,63527,22,6
Matthew Highmore,CHI,C,all,13,9479,2,2
Rasmus Andersson,CGY,D,all,10,9263,0,0
Stephen Johns,DAL,D,all,74,77936,15,8
Remi Elie,DAL,L,all,71,43729,14,6
Mark Streit,MTL,D,all,2,1706,0,0
Colton Sissons,NSH,C,all,81,78218,27,9
Clayton Keller,ARI,C,all,82,88986,65,23
Frank Vatrano,FLA,C,all,41,26664,10,7
Patrick Maroon,N.J,L,all,74,73306,43,17
Eeli Tolvanen,NSH,R,all,3,2180,0,0
Brett Lernout,MTL,D,all,18,18063,1,0
Johan Larsson,BUF,C,all,80,67751,17,4
Matt Dumba,MIN,D,all,82,117169,50,14
Alex Formenton,OTT,L,all,1,294,0,0
Jake Gardiner,TOR,D,all,82,110783,52,5
Casey Nelson,BUF,D,all,37,41692,8,3
Travis Sanheim,PHI,D,all,49,45815,10,2
Brandon Sutter,VAN,C,all,61,63375,26,11
Sami Vatanen,N.J,D,all,72,96622,32,4
Matt Benning,EDM,D,all,73,75696,21,6
Cedric Paquette,T.B,C,all,56,34279,9,5
Andrew Shaw,MTL,R,all,56,52703,21,10
Nick Jensen,DET,D,all,80,77900,15,0
Miikka Salomaki,NSH,R,all,58,35773,8,2
Alex Ovechkin,WSH,L,all,82,98485,87,49
Morgan Klimchuk,CGY,L,all,1,445,0,0
Adam Cracknell,NYR,R,all,5,2313,0,0
Joshua Ho-Sang,NYI,R,all,22,18849,12,2
Ryan Hartman,NSH,R,all,78,61131,31,11
Ryan O'Reilly,BUF,C,all,81,101170,61,24
Alex Killorn,T.B,L,all,82,81170,47,15
Frederick Gaudreau,NSH,C,all,20,10993,3,0
Greg McKegg,PIT,C,all,26,15100,4,2
Brent Burns,S.J,D,all,82,123572,67,12
Ryan Johansen,NSH,C,all,79,87921,54,15
Markus Hannikainen,CBJ,L,all,33,16577,6,3
Brent Seabrook,CHI,D,all,81,98159,26,7
Matt Hunwick,PIT,D,all,42,44127,10,4
Joe Thornton,S.J,C,all,47,51733,36,13
Eric Robinson,CBJ,L,all,1,681,0,0
Jack Eichel,BUF,C,all,67,80976,64,25
Pierre-Edouard Bellemare,VGK,L,all,72,53254,16,6
Valtteri Filppula,PHI,C,all,81,80077,33,11
Josh Leivo,TOR,L,all,16,10145,4,1
Carl Hagelin,PIT,L,all,81,77478,31,10
Viktor Arvidsson,NSH,L,all,78,83062,61,29
Nick Ritchie,ANA,L,all,76,60110,27,10
Yohann Auvitu,EDM,D,all,33,26840,9,3
Steven Kampfer,NYR,D,all,22,22772,1,0
Liam O'Brien,WSH,C,all,3,1245,0,0
Freddie Hamilton,ARI,C,all,16,8621,1,0
Keegan Lowe,EDM,D,all,2,1668,0,0
Victor Antipin,BUF,D,all,47,43083,10,0
Toby Enstrom,WPG,D,all,43,43941,6,1
Torey Krug,BOS,D,all,76,93030,59,14
Tony DeAngelo,NYR,D,all,32,31794,8,0
Sami Niku,WPG,D,all,1,913,1,1
Victor Hedman,T.B,D,all,77,119430,63,17
Jordan Szwarz,BOS,R,all,12,8287,3,0
Jean-Sebastien Dea,PIT,C,all,5,1647,1,1
Phillip Di Giuseppe,CAR,L,all,49,30876,13,5
Martin Frk,DET,R,all,67,41359,25,11
Jordan Eberle,NYI,C,all,81,78091,59,25
John Moore,N.J,D,all,81,97245,18,7
Nate Thompson,L.A,C,all,69,52677,17,5
Kerby Rychel,MTL,L,all,4,2647,2,1
Klas Dahlbeck,CAR,D,all,33,32402,5,1
Thomas Hickey,NYI,D,all,69,74806,25,5
Craig Smith,NSH,R,all,79,72909,51,25
Brad Malone,EDM,C,all,7,3355,0,0
Pavel Zacha,N.J,C,all,69,59497,25,8
Tanner Kero,CHI,C,all,8,5490,3,1
Shane Prince,NYI,L,all,14,10082,2,1
Gustav Olofsson,MIN,D,all,41,31424,8,0
Alex DeBrincat,CHI,R,all,82,72826,52,28
Kasperi Kapanen,TOR,R,all,38,25640,9,7
Magnus Paajarvi,OTT,L,all,79,59015,12,8
Nikita Soshnikov,STL,R,all,15,9713,2,1
Evgeni Malkin,PIT,C,all,78,88873,98,42
Dean Kukan,CBJ,D,all,11,8159,4,0
Brendan Gallagher,MTL,R,all,82,79494,54,31
Vladislav Kamenev,COL,C,all,3,1588,0,0
Christopher DiDomenico,OTT,L,all,24,16972,10,6
Auston Matthews,TOR,C,all,62,67437,63,34
Luke Kunin,MIN,C,all,19,14795,4,2
Erik Gustafsson,CHI,D,all,35,38966,16,5
Mark Giordano,CGY,D,all,82,121955,38,13
Paul Postma,BOS,D,all,14,8590,1,0
Erik Johnson,COL,D,all,61,93007,25,9
Jamie Benn,DAL,L,all,81,96171,78,35
Anze Kopitar,L.A,C,all,82,108164,92,35
Alexander Kerfoot,COL,C,all,78,63132,41,18
Ryan Kesler,ANA,C,all,44,47612,14,8
Derek Ryan,CAR,C,all,80,74909,38,15
Wayne Simmonds,PHI,R,all,75,81394,46,24
Sam Reinhart,BUF,C,all,82,84139,50,25
Justin Schultz,PIT,D,all,63,73759,27,4
Joseph Blandisi,ANA,C,all,3,2102,0,0
Melker Karlsson,S.J,C,all,71,56439,19,8
Charlie Coyle,MIN,C,all,66,65471,37,11
Rocco Grimaldi,COL,C,all,6,3471,3,1
Connor Carrick,TOR,D,all,47,42680,12,4
Daniel Sprong,PIT,R,all,8,6710,3,2
Dylan Larkin,DET,C,all,81,96691,63,16
Rickard Rakell,ANA,C,all,77,89705,69,34
Cam Atkinson,CBJ,R,all,65,73716,46,24
Thomas Chabot,OTT,D,all,63,66191,25,9
Ryan Ellis,NSH,D,all,44,61661,32,9
Mika Zibanejad,NYR,C,all,72,77609,47,27
Ryan Strome,EDM,C,all,82,74883,34,13
Brayden Point,T.B,C,all,82,96529,66,32
Tyler Toffoli,L.A,C,all,82,79064,47,24
Eric Fehr,S.J,C,all,18,12504,4,3
Denis Malgin,FLA,C,all,50,41334,22,11
Carter Rowney,PIT,R,all,44,24675,5,2
Jordie Benn,MTL,D,all,77,87647,15,4
Mark Borowiecki,OTT,D,all,52,45684,11,3
Calvin de Haan,NYI,D,all,33,37124,12,1
Darren Helm,DET,L,all,74,69151,29,13
Kyle Capobianco,ARI,D,all,1,813,0,0
Brendan Perlini,ARI,L,all,74,64432,30,17
Luke Witkowski,DET,R,all,31,12809,4,1
Brandon Davidson,NYI,D,all,51,51464,7,4
Nick Lappin,N.J,R,all,6,3514,1,1
Scott Laughton,PHI,C,all,81,54043,20,10
Anton Slepyshev,EDM,L,all,50,35431,12,6
Marcus Kruger,CAR,C,all,48,31211,6,1
Connor Brickley,FLA,C,all,44,31392,12,4
Ryan Spooner,NYR,C,all,59,54133,41,13
Andreas Borgman,TOR,D,all,48,39420,11,3
Tyler Ennis,MIN,L,all,73,52443,22,8
Marko Dano,WPG,C,all,23,9918,3,2
Jamie McGinn,FLA,L,all,75,60591,29,13
Tomas Hyka,VGK,R,all,10,7232,3,1
Brooks Orpik,WSH,D,all,81,93858,10,0
Kevin Hayes,NYR,C,all,76,79131,44,25
Evgenii Dadonov,FLA,R,all,73,82016,64,28
Christian Jaros,OTT,D,all,2,956,0,0
Jonathan Toews,CHI,C,all,74,87426,52,20
Danny O'Regan,BUF,C,all,21,12560,4,0
Kyle Connor,WPG,L,all,76,77096,57,31
Ryan Nugent-Hopkins,EDM,C,all,62,67295,48,24
Chandler Stephenson,WSH,C,all,67,47713,18,6
Johnny Oduya,PHI,D,all,52,53383,8,4
Tyler Johnson,T.B,C,all,81,82580,50,21
Steve Bernier,NYI,R,all,4,2413,0,0
Haydn Fleury,CAR,D,all,67,67516,8,0
Brady Skjei,NYR,D,all,82,103443,25,4
Adam McQuaid,BOS,D,all,38,35803,4,1
Ryan Pulock,NYI,D,all,68,75096,32,10
Connor Murphy,CHI,D,all,76,74663,14,2
Shane Gersich,WSH,L,all,3,1623,1,0
Marcus Johansson,N.J,L,all,29,27825,14,5
Jimmy Vesey,NYR,L,all,79,67930,28,17
TJ Brodie,CGY,D,all,73,103719,32,4
Tyler Bozak,TOR,C,all,81,75982,43,11
Gustav Nyquist,DET,R,all,81,86882,40,21
Matthew Tkachuk,CGY,L,all,68,70383,49,24
Julius Honka,DAL,D,all,41,31917,4,1
Zac Dalpe,CBJ,C,all,12,5358,0,0
Michael Amadio,L.A,C,all,37,20419,8,4
J.T. Miller,T.B,C,all,82,83740,58,23
Taylor Hall,N.J,L,all,76,87172,93,39
Alex Iafallo,L.A,C,all,75,67730,25,9
Derek Forbort,L.A,D,all,78,96822,18,1
Max McCormick,OTT,L,all,30,15032,5,3
Danny DeKeyser,DET,D,all,64,78078,10,4
Seth Jones,CBJ,D,all,78,115137,57,16
Blake Coleman,N.J,C,all,79,68235,25,13
Blake Comeau,COL,L,all,78,74257,33,12
Scott Mayfield,NYI,D,all,47,50322,12,2
Justin Abdelkader,DET,L,all,74,73685,35,13
Scott Hartnell,NSH,L,all,62,44707,24,13
J.T. Brown,ANA,R,all,47,25580,7,2
Claude Giroux,PHI,C,all,82,100166,102,34
Jason Garrison,VGK,D,all,8,9152,1,0
Adam Clendening,ARI,D,all,5,4780,2,0
Brad Richardson,ARI,C,all,76,67329,15,3
Brett Ritchie,DAL,R,all,70,45369,14,7
Jason Dickinson,DAL,C,all,27,13825,2,0
Dominic Toninato,COL,C,all,37,17533,2,0
Dominik Simon,PIT,C,all,33,22616,12,4
Anthony Duclair,CHI,L,all,56,44632,23,11
Jonathan Huberdeau,FLA,L,all,81,93312,67,26
Jori Lehtera,PHI,C,all,62,39114,8,3
Mats Zuccarello,NYR,R,all,80,90836,53,16
David Booth,DET,L,all,28,11711,5,4
Sean Kuraly,BOS,C,all,75,55120,14,6
Kris Letang,PIT,D,all,79,120058,51,9
John Hayden,CHI,R,all,47,30526,13,4
Travis Zajac,N.J,C,all,63,67578,26,12
Nick Schmaltz,CHI,C,all,78,85322,52,21